Workbook

Sheet ruiseki
A1: 時刻 | B1: 経過時間(分) | C1: 計測値(mm) | D1: 10分雨量(mm) | E1: 単純累計(mm) | F1: 60分平均(mm) | G1: 180分平均(mm) | H1: 半減期1.5時間雨量(mm) | I1: 半減期72時間雨量(mm) | J1: 表層水分過剰 | K1: 深層水分過剰 | L1: 推奨対応
A2: 46204.007 | B2: 0 | C2: 0 | D2: =IF(ISNUMBER(C2),C2,0) -> 0 | E2: =0 -> 0 | F2: =AVERAGE(E2:E$2) -> 0 | G2: =AVERAGE(E2:E$2) -> 0 | H2: =0 -> 0 | I2: =0 -> 0 | J2: =IF(H2>100,1,0) -> 0 | K2: =IF(I2>30,1,0) -> 0 | L2: =IF(J2>0,IF(K2>0,"緊急避難","短期注意"),IF(K2>0,"長期注意","なし")) -> なし
A3: 46204.014 | B3: 10 | C3: 0 | D3: =IF(ISNUMBER(C3),C3,0) -> 0 | E3: =E2+D3 -> 0 | F3: =AVERAGE(E$2:E3) -> 0 | G3: =AVERAGE(E$2:E3) -> 0 | H3: =(const!$C$4*ruiseki!H2)+ruiseki!D3 -> 0 | I3: =(const!$D$4*ruiseki!I2)+ruiseki!D3 -> 0 | J3: =IF(H3>100,1,0) -> 0 | K3: =IF(I3>30,1,0) -> 0 | L3: =IF(J3>0,IF(K3>0,"緊急避難","短期注意"),IF(K3>0,"長期注意","なし")) -> なし
A4: 46204.021 | B4: 20 | C4: 0 | D4: =IF(ISNUMBER(C4),C4,0) -> 0 | E4: =E3+D4 -> 0 | F4: =AVERAGE(E$2:E4) -> 0 | G4: =AVERAGE(E$2:E4) -> 0 | H4: =(const!$C$4*ruiseki!H3)+ruiseki!D4 -> 0 | I4: =(const!$D$4*ruiseki!I3)+ruiseki!D4 -> 0 | J4: =IF(H4>100,1,0) -> 0 | K4: =IF(I4>30,1,0) -> 0 | L4: =IF(J4>0,IF(K4>0,"緊急避難","短期注意"),IF(K4>0,"長期注意","なし")) -> なし
A5: 46204.028 | B5: 30 | C5: 0 | D5: =IF(ISNUMBER(C5),C5,0) -> 0 | E5: =E4+D5 -> 0 | F5: =AVERAGE(E$2:E5) -> 0 | G5: =AVERAGE(E$2:E5) -> 0 | H5: =(const!$C$4*ruiseki!H4)+ruiseki!D5 -> 0 | I5: =(const!$D$4*ruiseki!I4)+ruiseki!D5 -> 0 | J5: =IF(H5>100,1,0) -> 0 | K5: =IF(I5>30,1,0) -> 0 | L5: =IF(J5>0,IF(K5>0,"緊急避難","短期注意"),IF(K5>0,"長期注意","なし")) -> なし
A6: 46204.035 | B6: 40 | C6: 0 | D6: =IF(ISNUMBER(C6),C6,0) -> 0 | E6: =E5+D6 -> 0 | F6: =AVERAGE(E$2:E6) -> 0 | G6: =AVERAGE(E$2:E6) -> 0 | H6: =(const!$C$4*ruiseki!H5)+ruiseki!D6 -> 0 | I6: =(const!$D$4*ruiseki!I5)+ruiseki!D6 -> 0 | J6: =IF(H6>100,1,0) -> 0 | K6: =IF(I6>30,1,0) -> 0 | L6: =IF(J6>0,IF(K6>0,"緊急避難","短期注意"),IF(K6>0,"長期注意","なし")) -> なし
A7: 46204.042 | B7: 50 | C7: 0 | D7: =IF(ISNUMBER(C7),C7,0) -> 0 | E7: =E6+D7 -> 0 | F7: =AVERAGE(E$2:E7) -> 0 | G7: =AVERAGE(E$2:E7) -> 0 | H7: =(const!$C$4*ruiseki!H6)+ruiseki!D7 -> 0 | I7: =(const!$D$4*ruiseki!I6)+ruiseki!D7 -> 0 | J7: =IF(H7>100,1,0) -> 0 | K7: =IF(I7>30,1,0) -> 0 | L7: =IF(J7>0,IF(K7>0,"緊急避難","短期注意"),IF(K7>0,"長期注意","なし")) -> なし
A8: 46204.049 | B8: 60 | C8: 0 | D8: =IF(ISNUMBER(C8),C8,0) -> 0 | E8: =E7+D8 -> 0 | F8: =(E8-E2)/6 -> 0 | G8: =AVERAGE(E$2:E8) -> 0 | H8: =(const!$C$4*ruiseki!H7)+ruiseki!D8 -> 0 | I8: =(const!$D$4*ruiseki!I7)+ruiseki!D8 -> 0 | J8: =IF(H8>100,1,0) -> 0 | K8: =IF(I8>30,1,0) -> 0 | L8: =IF(J8>0,IF(K8>0,"緊急避難","短期注意"),IF(K8>0,"長期注意","なし")) -> なし
A9: 46204.056 | B9: 70 | C9: 0 | D9: =IF(ISNUMBER(C9),C9,0) -> 0 | E9: =E8+D9 -> 0 | F9: =(E9-E3)/6 -> 0 | G9: =AVERAGE(E$2:E9) -> 0 | H9: =(const!$C$4*ruiseki!H8)+ruiseki!D9 -> 0 | I9: =(const!$D$4*ruiseki!I8)+ruiseki!D9 -> 0 | J9: =IF(H9>100,1,0) -> 0 | K9: =IF(I9>30,1,0) -> 0 | L9: =IF(J9>0,IF(K9>0,"緊急避難","短期注意"),IF(K9>0,"長期注意","なし")) -> なし
A10: 46204.062 | B10: 80 | C10: 0 | D10: =IF(ISNUMBER(C10),C10,0) -> 0 | E10: =E9+D10 -> 0 | F10: =(E10-E4)/6 -> 0 | G10: =AVERAGE(E$2:E10) -> 0 | H10: =(const!$C$4*ruiseki!H9)+ruiseki!D10 -> 0 | I10: =(const!$D$4*ruiseki!I9)+ruiseki!D10 -> 0 | J10: =IF(H10>100,1,0) -> 0 | K10: =IF(I10>30,1,0) -> 0 | L10: =IF(J10>0,IF(K10>0,"緊急避難","短期注意"),IF(K10>0,"長期注意","なし")) -> なし
A11: 46204.069 | B11: 90 | C11: 0 | D11: =IF(ISNUMBER(C11),C11,0) -> 0 | E11: =E10+D11 -> 0 | F11: =(E11-E5)/6 -> 0 | G11: =AVERAGE(E$2:E11) -> 0 | H11: =(const!$C$4*ruiseki!H10)+ruiseki!D11 -> 0 | I11: =(const!$D$4*ruiseki!I10)+ruiseki!D11 -> 0 | J11: =IF(H11>100,1,0) -> 0 | K11: =IF(I11>30,1,0) -> 0 | L11: =IF(J11>0,IF(K11>0,"緊急避難","短期注意"),IF(K11>0,"長期注意","なし")) -> なし
A12: 46204.076 | B12: 100 | C12: 0 | D12: =IF(ISNUMBER(C12),C12,0) -> 0 | E12: =E11+D12 -> 0 | F12: =(E12-E6)/6 -> 0 | G12: =AVERAGE(E$2:E12) -> 0 | H12: =(const!$C$4*ruiseki!H11)+ruiseki!D12 -> 0 | I12: =(const!$D$4*ruiseki!I11)+ruiseki!D12 -> 0 | J12: =IF(H12>100,1,0) -> 0 | K12: =IF(I12>30,1,0) -> 0 | L12: =IF(J12>0,IF(K12>0,"緊急避難","短期注意"),IF(K12>0,"長期注意","なし")) -> なし
A13: 46204.083 | B13: 110 | C13: 0 | D13: =IF(ISNUMBER(C13),C13,0) -> 0 | E13: =E12+D13 -> 0 | F13: =(E13-E7)/6 -> 0 | G13: =AVERAGE(E$2:E13) -> 0 | H13: =(const!$C$4*ruiseki!H12)+ruiseki!D13 -> 0 | I13: =(const!$D$4*ruiseki!I12)+ruiseki!D13 -> 0 | J13: =IF(H13>100,1,0) -> 0 | K13: =IF(I13>30,1,0) -> 0 | L13: =IF(J13>0,IF(K13>0,"緊急避難","短期注意"),IF(K13>0,"長期注意","なし")) -> なし
A14: 46204.09 | B14: 120 | C14: 0 | D14: =IF(ISNUMBER(C14),C14,0) -> 0 | E14: =E13+D14 -> 0 | F14: =(E14-E8)/6 -> 0 | G14: =AVERAGE(E$2:E14) -> 0 | H14: =(const!$C$4*ruiseki!H13)+ruiseki!D14 -> 0 | I14: =(const!$D$4*ruiseki!I13)+ruiseki!D14 -> 0 | J14: =IF(H14>100,1,0) -> 0 | K14: =IF(I14>30,1,0) -> 0 | L14: =IF(J14>0,IF(K14>0,"緊急避難","短期注意"),IF(K14>0,"長期注意","なし")) -> なし
A15: 46204.097 | B15: 130 | C15: 0 | D15: =IF(ISNUMBER(C15),C15,0) -> 0 | E15: =E14+D15 -> 0 | F15: =(E15-E9)/6 -> 0 | G15: =AVERAGE(E$2:E15) -> 0 | H15: =(const!$C$4*ruiseki!H14)+ruiseki!D15 -> 0 | I15: =(const!$D$4*ruiseki!I14)+ruiseki!D15 -> 0 | J15: =IF(H15>100,1,0) -> 0 | K15: =IF(I15>30,1,0) -> 0 | L15: =IF(J15>0,IF(K15>0,"緊急避難","短期注意"),IF(K15>0,"長期注意","なし")) -> なし
A16: 46204.104 | B16: 140 | C16: 0 | D16: =IF(ISNUMBER(C16),C16,0) -> 0 | E16: =E15+D16 -> 0 | F16: =(E16-E10)/6 -> 0 | G16: =AVERAGE(E$2:E16) -> 0 | H16: =(const!$C$4*ruiseki!H15)+ruiseki!D16 -> 0 | I16: =(const!$D$4*ruiseki!I15)+ruiseki!D16 -> 0 | J16: =IF(H16>100,1,0) -> 0 | K16: =IF(I16>30,1,0) -> 0 | L16: =IF(J16>0,IF(K16>0,"緊急避難","短期注意"),IF(K16>0,"長期注意","なし")) -> なし
A17: 46204.111 | B17: 150 | C17: 0 | D17: =IF(ISNUMBER(C17),C17,0) -> 0 | E17: =E16+D17 -> 0 | F17: =(E17-E11)/6 -> 0 | G17: =AVERAGE(E$2:E17) -> 0 | H17: =(const!$C$4*ruiseki!H16)+ruiseki!D17 -> 0 | I17: =(const!$D$4*ruiseki!I16)+ruiseki!D17 -> 0 | J17: =IF(H17>100,1,0) -> 0 | K17: =IF(I17>30,1,0) -> 0 | L17: =IF(J17>0,IF(K17>0,"緊急避難","短期注意"),IF(K17>0,"長期注意","なし")) -> なし
A18: 46204.118 | B18: 160 | C18: 0 | D18: =IF(ISNUMBER(C18),C18,0) -> 0 | E18: =E17+D18 -> 0 | F18: =(E18-E12)/6 -> 0 | G18: =AVERAGE(E$2:E18) -> 0 | H18: =(const!$C$4*ruiseki!H17)+ruiseki!D18 -> 0 | I18: =(const!$D$4*ruiseki!I17)+ruiseki!D18 -> 0 | J18: =IF(H18>100,1,0) -> 0 | K18: =IF(I18>30,1,0) -> 0 | L18: =IF(J18>0,IF(K18>0,"緊急避難","短期注意"),IF(K18>0,"長期注意","なし")) -> なし
A19: 46204.125 | B19: 170 | C19: 0 | D19: =IF(ISNUMBER(C19),C19,0) -> 0 | E19: =E18+D19 -> 0 | F19: =(E19-E13)/6 -> 0 | G19: =AVERAGE(E$2:E19) -> 0 | H19: =(const!$C$4*ruiseki!H18)+ruiseki!D19 -> 0 | I19: =(const!$D$4*ruiseki!I18)+ruiseki!D19 -> 0 | J19: =IF(H19>100,1,0) -> 0 | K19: =IF(I19>30,1,0) -> 0 | L19: =IF(J19>0,IF(K19>0,"緊急避難","短期注意"),IF(K19>0,"長期注意","なし")) -> なし
A20: 46204.132 | B20: 180 | C20: 0 | D20: =IF(ISNUMBER(C20),C20,0) -> 0 | E20: =E19+D20 -> 0 | F20: =(E20-E14)/6 -> 0 | G20: =(E20-E2)/18 -> 0 | H20: =(const!$C$4*ruiseki!H19)+ruiseki!D20 -> 0 | I20: =(const!$D$4*ruiseki!I19)+ruiseki!D20 -> 0 | J20: =IF(H20>100,1,0) -> 0 | K20: =IF(I20>30,1,0) -> 0 | L20: =IF(J20>0,IF(K20>0,"緊急避難","短期注意"),IF(K20>0,"長期注意","なし")) -> なし
A21: 46204.139 | B21: 190 | C21: 0 | D21: =IF(ISNUMBER(C21),C21,0) -> 0 | E21: =E20+D21 -> 0 | F21: =(E21-E15)/6 -> 0 | G21: =(E21-E3)/18 -> 0 | H21: =(const!$C$4*ruiseki!H20)+ruiseki!D21 -> 0 | I21: =(const!$D$4*ruiseki!I20)+ruiseki!D21 -> 0 | J21: =IF(H21>100,1,0) -> 0 | K21: =IF(I21>30,1,0) -> 0 | L21: =IF(J21>0,IF(K21>0,"緊急避難","短期注意"),IF(K21>0,"長期注意","なし")) -> なし
A22: 46204.146 | B22: 200 | C22: 0 | D22: =IF(ISNUMBER(C22),C22,0) -> 0 | E22: =E21+D22 -> 0 | F22: =(E22-E16)/6 -> 0 | G22: =(E22-E4)/18 -> 0 | H22: =(const!$C$4*ruiseki!H21)+ruiseki!D22 -> 0 | I22: =(const!$D$4*ruiseki!I21)+ruiseki!D22 -> 0 | J22: =IF(H22>100,1,0) -> 0 | K22: =IF(I22>30,1,0) -> 0 | L22: =IF(J22>0,IF(K22>0,"緊急避難","短期注意"),IF(K22>0,"長期注意","なし")) -> なし
A23: 46204.153 | B23: 210 | C23: 0 | D23: =IF(ISNUMBER(C23),C23,0) -> 0 | E23: =E22+D23 -> 0 | F23: =(E23-E17)/6 -> 0 | G23: =(E23-E5)/18 -> 0 | H23: =(const!$C$4*ruiseki!H22)+ruiseki!D23 -> 0 | I23: =(const!$D$4*ruiseki!I22)+ruiseki!D23 -> 0 | J23: =IF(H23>100,1,0) -> 0 | K23: =IF(I23>30,1,0) -> 0 | L23: =IF(J23>0,IF(K23>0,"緊急避難","短期注意"),IF(K23>0,"長期注意","なし")) -> なし
A24: 46204.16 | B24: 220 | C24: 0 | D24: =IF(ISNUMBER(C24),C24,0) -> 0 | E24: =E23+D24 -> 0 | F24: =(E24-E18)/6 -> 0 | G24: =(E24-E6)/18 -> 0 | H24: =(const!$C$4*ruiseki!H23)+ruiseki!D24 -> 0 | I24: =(const!$D$4*ruiseki!I23)+ruiseki!D24 -> 0 | J24: =IF(H24>100,1,0) -> 0 | K24: =IF(I24>30,1,0) -> 0 | L24: =IF(J24>0,IF(K24>0,"緊急避難","短期注意"),IF(K24>0,"長期注意","なし")) -> なし
A25: 46204.167 | B25: 230 | C25: 0 | D25: =IF(ISNUMBER(C25),C25,0) -> 0 | E25: =E24+D25 -> 0 | F25: =(E25-E19)/6 -> 0 | G25: =(E25-E7)/18 -> 0 | H25: =(const!$C$4*ruiseki!H24)+ruiseki!D25 -> 0 | I25: =(const!$D$4*ruiseki!I24)+ruiseki!D25 -> 0 | J25: =IF(H25>100,1,0) -> 0 | K25: =IF(I25>30,1,0) -> 0 | L25: =IF(J25>0,IF(K25>0,"緊急避難","短期注意"),IF(K25>0,"長期注意","なし")) -> なし
A26: 46204.174 | B26: 240 | C26: 0 | D26: =IF(ISNUMBER(C26),C26,0) -> 0 | E26: =E25+D26 -> 0 | F26: =(E26-E20)/6 -> 0 | G26: =(E26-E8)/18 -> 0 | H26: =(const!$C$4*ruiseki!H25)+ruiseki!D26 -> 0 | I26: =(const!$D$4*ruiseki!I25)+ruiseki!D26 -> 0 | J26: =IF(H26>100,1,0) -> 0 | K26: =IF(I26>30,1,0) -> 0 | L26: =IF(J26>0,IF(K26>0,"緊急避難","短期注意"),IF(K26>0,"長期注意","なし")) -> なし
A27: 46204.181 | B27: 250 | C27: 0 | D27: =IF(ISNUMBER(C27),C27,0) -> 0 | E27: =E26+D27 -> 0 | F27: =(E27-E21)/6 -> 0 | G27: =(E27-E9)/18 -> 0 | H27: =(const!$C$4*ruiseki!H26)+ruiseki!D27 -> 0 | I27: =(const!$D$4*ruiseki!I26)+ruiseki!D27 -> 0 | J27: =IF(H27>100,1,0) -> 0 | K27: =IF(I27>30,1,0) -> 0 | L27: =IF(J27>0,IF(K27>0,"緊急避難","短期注意"),IF(K27>0,"長期注意","なし")) -> なし
A28: 46204.188 | B28: 260 | C28: 0 | D28: =IF(ISNUMBER(C28),C28,0) -> 0 | E28: =E27+D28 -> 0 | F28: =(E28-E22)/6 -> 0 | G28: =(E28-E10)/18 -> 0 | H28: =(const!$C$4*ruiseki!H27)+ruiseki!D28 -> 0 | I28: =(const!$D$4*ruiseki!I27)+ruiseki!D28 -> 0 | J28: =IF(H28>100,1,0) -> 0 | K28: =IF(I28>30,1,0) -> 0 | L28: =IF(J28>0,IF(K28>0,"緊急避難","短期注意"),IF(K28>0,"長期注意","なし")) -> なし
A29: 46204.194 | B29: 270 | C29: 0 | D29: =IF(ISNUMBER(C29),C29,0) -> 0 | E29: =E28+D29 -> 0 | F29: =(E29-E23)/6 -> 0 | G29: =(E29-E11)/18 -> 0 | H29: =(const!$C$4*ruiseki!H28)+ruiseki!D29 -> 0 | I29: =(const!$D$4*ruiseki!I28)+ruiseki!D29 -> 0 | J29: =IF(H29>100,1,0) -> 0 | K29: =IF(I29>30,1,0) -> 0 | L29: =IF(J29>0,IF(K29>0,"緊急避難","短期注意"),IF(K29>0,"長期注意","なし")) -> なし
A30: 46204.201 | B30: 280 | C30: 0 | D30: =IF(ISNUMBER(C30),C30,0) -> 0 | E30: =E29+D30 -> 0 | F30: =(E30-E24)/6 -> 0 | G30: =(E30-E12)/18 -> 0 | H30: =(const!$C$4*ruiseki!H29)+ruiseki!D30 -> 0 | I30: =(const!$D$4*ruiseki!I29)+ruiseki!D30 -> 0 | J30: =IF(H30>100,1,0) -> 0 | K30: =IF(I30>30,1,0) -> 0 | L30: =IF(J30>0,IF(K30>0,"緊急避難","短期注意"),IF(K30>0,"長期注意","なし")) -> なし
A31: 46204.208 | B31: 290 | C31: 0 | D31: =IF(ISNUMBER(C31),C31,0) -> 0 | E31: =E30+D31 -> 0 | F31: =(E31-E25)/6 -> 0 | G31: =(E31-E13)/18 -> 0 | H31: =(const!$C$4*ruiseki!H30)+ruiseki!D31 -> 0 | I31: =(const!$D$4*ruiseki!I30)+ruiseki!D31 -> 0 | J31: =IF(H31>100,1,0) -> 0 | K31: =IF(I31>30,1,0) -> 0 | L31: =IF(J31>0,IF(K31>0,"緊急避難","短期注意"),IF(K31>0,"長期注意","なし")) -> なし
... A145: 46205 | B145: 1430 | C145: 0.5 | D145: =IF(ISNUMBER(C145),C145,0) -> 0.5 | E145: =E144+D145 -> 45.5 | F145: =(E145-E139)/6 -> 0.16666667 | G145: =(E145-E127)/18 -> 0.22222222 | H145: =(const!$C$4*ruiseki!H144)+ruiseki!D145 -> 2.9923459 | I145: =(const!$D$4*ruiseki!I144)+ruiseki!D145 -> 41.383556 | J145: =IF(H145>100,1,0) -> 0 | K145: =IF(I145>30,1,0) -> 1 | L145: =IF(J145>0,IF(K145>0,"緊急避難","短期注意"),IF(K145>0,"長期注意","なし")) -> 長期注意

Sheet tmp
A1: 東広島 | B1: 東広島市 | C1: 0 | D1: 0 | E1: 0 | F1: 0 | G1: 0 | H1: 0 | I1: 0 | J1: 0 | K1: 0 | L1: 0 | M1: 0 | N1: 0 | O1: 0 | P1: 0 | Q1: 0 | R1: 0 | S1: 0 | T1: 0 | U1: 0 | V1: 0 | W1: 0 | X1: 0 | Y1: 0 | Z1: 0 | AA1: 0 | AB1: 0 | AC1: 0 | AD1: 0 | AE1: 0 | AF1: 0 | AG1: 0 | AH1: 0 | AI1: 0 | AJ1: 0 | AK1: 0 | AL1: 0
A2: 東広島 | B2: 東広島市 | C2: 0 | D2: 0 | E2: 0 | F2: 0 | G2: 0 | H2: 0 | I2: 0 | J2: 0 | K2: 0 | L2: 0 | M2: 0 | N2: 0 | O2: 0 | P2: 0 | Q2: 0 | R2: 0 | S2: 0 | T2: 0 | U2: 0 | V2: 0 | W2: 0 | X2: 0.5 | Y2: 1 | Z2: 1 | AA2: 1.5 | AB2: 2 | AC2: 1 | AD2: 1 | AE2: 1 | AF2: 0.5 | AG2: 0.5 | AH2: 0 | AI2: 0.5 | AJ2: 1 | AK2: 0.5 | AL2: 0
A3: 東広島 | B3: 東広島市 | C3: 0.5 | D3: 0.5 | E3: 1 | F3: 1 | G3: 2.5 | H3: 4 | I3: 1.5 | J3: 0.5 | K3: 1 | L3: 0.5 | M3: 1.5 | N3: 1 | O3: 2 | P3: 1 | Q3: 1 | R3: 1 | S3: 0.5 | T3: 0.5 | U3: 0.5 | V3: 1 | W3: 0.5 | X3: 0 | Y3: 0.5 | Z3: 0.5 | AA3: 0.5 | AB3: 0.5 | AC3: 0.5 | AD3: 0 | AE3: 0 | AF3: 0.5 | AG3: 0 | AH3: 0.5 | AI3: 0.5 | AJ3: 0.5 | AK3: 1 | AL3: 0
A4: 東広島 | B4: 東広島市 | C4: 0 | D4: 0.5 | E4: 0 | F4: 0 | G4: 0 | H4: 0 | I4: 0 | J4: 0 | K4: 0 | L4: 0 | M4: 0 | N4: 0 | O4: 0 | P4: 0 | Q4: 0 | R4: 0 | S4: 0 | T4: 0 | U4: 0 | V4: 0 | W4: 0 | X4: 0 | Y4: 0 | Z4: 0 | AA4: 0.5 | AB4: 0 | AC4: 1 | AD4: 1 | AE4: 0 | AF4: 0.5 | AG4: 0 | AH4: 0 | AI4: 0 | AJ4: 0.5 | AK4: 0 | AL4: 0.5
A6: 下三永 | B6: 東広島市 | C6: 0 | D6: 0 | E6: 0 | F6: 0 | G6: 0 | H6: 0 | I6: 0 | J6: 0 | K6: 0 | L6: 0 | M6: 0 | N6: 0 | O6: 0 | P6: 0 | Q6: 0 | R6: 0 | S6: 0 | T6: 0 | U6: 0 | V6: 0 | W6: 0 | X6: 0 | Y6: 0 | Z6: 0 | AA6: 0 | AB6: 0 | AC6: 0 | AD6: 0 | AE6: 0 | AF6: 0 | AG6: 0 | AH6: 0 | AI6: 0 | AJ6: 0 | AK6: 0 | AL6: 0
A7: 下三永 | B7: 東広島市 | C7: 0 | D7: 0 | E7: 0 | F7: 0 | G7: 0 | H7: 0 | I7: 0 | J7: 0 | K7: 0 | L7: 0 | M7: 0 | N7: 0 | O7: 0 | P7: 0 | Q7: 0 | R7: 0 | S7: 0 | T7: 0 | U7: 0 | V7: 0 | W7: 0 | X7: 0 | Y7: 1 | Z7: 0 | AA7: 2 | AB7: 1 | AC7: 1 | AD7: 1 | AE7: 1 | AF7: 1 | AG7: 0 | AH7: 1 | AI7: 0 | AJ7: 1 | AK7: 0 | AL7: 1
A8: 下三永 | B8: 東広島市 | C8: 0 | D8: 0 | E8: 1 | F8: *** | G8: *** | H8: *** | I8: *** | J8: *** | K8: *** | L8: *** | M8: 1 | N8: 1 | O8: 2 | P8: 0 | Q8: 2 | R8: *** | S8: *** | T8: *** | U8: *** | V8: 1 | W8: 0 | X8: 1 | Y8: 1 | Z8: *** | AA8: *** | AB8: 1 | AC8: 0 | AD8: 0 | AE8: 0 | AF8: 0 | AG8: 0 | AH8: 1 | AI8: 0 | AJ8: 0 | AK8: 1 | AL8: 0
A9: 下三永 | B9: 東広島市 | C9: 0 | D9: 0 | E9: 0 | F9: 0 | G9: 0 | H9: 0 | I9: 0 | J9: 0 | K9: 0 | L9: 0 | M9: 0 | N9: 0 | O9: 0 | P9: 0 | Q9: 0 | R9: 0 | S9: 0 | T9: 0 | U9: 0 | V9: 0 | W9: 0 | X9: 0 | Y9: 0 | Z9: 0 | AA9: 0 | AB9: 0 | AC9: 1 | AD9: 1 | AE9: 0 | AF9: 0 | AG9: 1 | AH9: 1 | AI9: 1 | AJ9: 0 | AK9: 0 | AL9: 1

Sheet const
A1: 半減期(時間) | B1: 1 | C1: 1.5 | D1: 72
A2: 1時間後減少率 | B2: 0.5 | C2: 0.62996052 | D2: 0.99041915
A3: 2時間後減少率 | B3: 0.25 | C3: 0.39685026 | D3: 0.98093009
A4: 10分後減少率 | B4: 0.89089872 | C4: 0.92587471 | D4: 0.99839678
A6: 10分後減少率 | B6: 0.89089872 | C6: 0.92587471 | D6: 0.99839678
A7: 20分後減少率 | B7: 0.79370053 | C7: 0.85724398 | D7: 0.99679613
A8: 30分後減少率 | B8: 0.70710678 | C8: 0.79370053 | D8: 0.99519804
A9: 40分後減少率 | B9: 0.62996052 | C9: 0.73486725 | D9: 0.99360252
A10: 50分後減少率 | B10: 0.56123102 | C10: 0.680395 | D10: 0.99200956
A11: 60分後減少率 | B11: 0.5 | C11: 0.62996052 | D11: 0.99041915
A12: 70分後減少率 | C12: 0.58326452 | D12: 0.98883129
A13: 80分後減少率 | C13: 0.54002987 | D13: 0.98724597
A14: 90分後減少率 | C14: 0.5 | D14: 0.9856632
